task_id,method,run,test_score,cv_score
2073,EA,0,0.6778523489932886,0.5917602996254682
2073,EA,1,0.6174496644295302,0.5513108614232209
2073,EA,2,0.6040268456375839,0.546067415730337
2073,EA,3,0.5973154362416108,0.5310861423220974
2073,EA,4,0.5704697986577181,0.5265917602996255
2073,EA,5,0.6375838926174496,0.5692883895131086
2073,EA,6,0.6510067114093959,0.6044943820224719
2073,EA,7,0.6040268456375839,0.5430711610486891
2073,EA,8,0.5906040268456376,0.5535580524344569
2073,EA,9,0.5838926174496645,0.5101123595505618
2073,EA,10,0.5973154362416108,0.5310861423220974
2073,EA,11,0.5973154362416108,0.5243445692883895
2073,EA,12,0.6040268456375839,0.5475655430711611
2073,EA,13,0.5637583892617449,0.5191011235955056
2073,EA,14,0.5838926174496645,0.5176029962546816
2073,EA,15,0.6241610738255033,0.5393258426966293
2073,EA,16,0.5637583892617449,0.5243445692883896
2073,EA,17,0.5704697986577181,0.5250936329588015
2073,EA,18,0.5973154362416108,0.5250936329588015
2073,EA,19,0.6510067114093959,0.5543071161048688
2073,Random,0,0.6845637583892618,0.6007490636704119
2073,Random,1,0.6644295302013423,0.602996254681648
2073,Random,2,0.6912751677852349,0.5970037453183521
2073,Random,3,0.6711409395973155,0.59625468164794
2073,Random,4,0.6912751677852349,0.600749063670412
2073,Random,5,0.6912751677852349,0.600749063670412
2073,Random,6,0.6778523489932886,0.6044943820224719
2073,Random,7,0.697986577181208,0.6127340823970038
2073,Random,8,0.6711409395973155,0.5947565543071162
2073,Random,9,0.7046979865771812,0.594756554307116
2073,Random,10,0.6644295302013423,0.601498127340824
2073,Random,11,0.6644295302013423,0.6037453183520599
2073,Random,12,0.6577181208053692,0.5970037453183521
2073,Random,13,0.6711409395973155,0.597752808988764
2073,Random,14,0.6912751677852349,0.6157303370786517
2073,TPEBO,0,0.6912751677852349,0.6052434456928838
2073,TPEBO,1,0.6577181208053692,0.599250936329588
2073,TPEBO,2,0.7046979865771812,0.6119850187265918
2073,TPEBO,3,0.697986577181208,0.6187265917602996
2073,TPEBO,4,0.6912751677852349,0.6194756554307116
2073,TPEBO,5,0.6711409395973155,0.6172284644194757
2073,TPEBO,6,0.6912751677852349,0.6292134831460674
2073,TPEBO,7,0.7046979865771812,0.6164794007490637
2073,TPEBO,8,0.697986577181208,0.6134831460674157
2073,TPEBO,9,0.697986577181208,0.6262172284644194
2073,TPEBO,10,0.6845637583892618,0.601498127340824
2073,TPEBO,11,0.6912751677852349,0.6232209737827714
2073,TPEBO,12,0.6778523489932886,0.6164794007490637
2073,TPEBO,13,0.5704697986577181,0.5273408239700375
2073,TPEBO,14,0.7114093959731543,0.5962546816479402
2073,TPEBO,15,0.6845637583892618,0.597003745318352
2073,TPEBO,16,0.6912751677852349,0.6074906367041198
2073,TPEBO,17,0.6442953020134228,0.5865168539325843
2073,TPEBO,18,0.7046979865771812,0.6157303370786517
2073,TPEBO,19,0.6711409395973155,0.600749063670412
2073,TPEC,0,0.6778523489932886,0.5857677902621724
2073,TPEC,1,0.6174496644295302,0.5445692883895131
2073,TPEC,2,0.5637583892617449,0.5213483146067416
2073,TPEC,3,0.6375838926174496,0.5610486891385768
2073,TPEC,4,0.5637583892617449,0.5310861423220973
2073,TPEC,5,0.6577181208053692,0.5662921348314607
2073,TPEC,6,0.6241610738255033,0.5670411985018726
2073,TPEC,7,0.6040268456375839,0.5408239700374532
2073,TPEC,8,0.5906040268456376,0.5543071161048688
2073,TPEC,9,0.610738255033557,0.548314606741573
2073,TPEC,10,0.5838926174496645,0.5258426966292135
2073,TPEC,11,0.5771812080536913,0.5295880149812735
2073,TPEC,12,0.610738255033557,0.5378277153558053
2073,TPEC,13,0.5771812080536913,0.5183520599250937
2073,TPEC,14,0.5637583892617449,0.503370786516854
2073,TPEC,15,0.6174496644295302,0.5318352059925094
2073,TPEC,16,0.5973154362416108,0.5295880149812734
2073,TPEC,17,0.5973154362416108,0.5243445692883896
2073,TPEC,18,0.5973154362416108,0.5228464419475655
2073,TPEC,19,0.6040268456375839,0.5378277153558052
10090,EA,0,0.4866666666666667,0.5362962962962963
10090,EA,1,0.46,0.5207407407407407
10090,EA,2,0.2866666666666667,0.32888888888888884
10090,EA,3,0.38666666666666666,0.39777777777777773
10090,EA,4,0.6133333333333333,0.6059259259259259
10090,EA,5,0.3933333333333333,0.42592592592592593
10090,EA,6,0.38666666666666666,0.42814814814814806
10090,EA,7,0.54,0.5814814814814815
10090,EA,8,0.4533333333333333,0.4681481481481481
10090,EA,9,0.4,0.3829629629629629
10090,EA,10,0.44666666666666666,0.4644444444444444
10090,EA,11,0.37333333333333335,0.38
10090,EA,12,0.26666666666666666,0.2785185185185185
10090,EA,13,0.20666666666666667,0.20814814814814814
10090,EA,14,0.21333333333333335,0.24666666666666667
10090,EA,15,0.43333333333333335,0.4814814814814815
10090,EA,16,0.30666666666666664,0.33555555555555555
10090,EA,17,0.49333333333333335,0.5755555555555556
10090,EA,18,0.42,0.42074074074074075
10090,Random,0,0.6466666666666666,0.6599999999999999
10090,Random,1,0.5733333333333334,0.5977777777777777
10090,Random,2,0.5466666666666666,0.5814814814814815
10090,Random,3,0.6333333333333333,0.6703703703703704
10090,Random,4,0.6,0.6125925925925926
10090,Random,5,0.6333333333333333,0.6244444444444444
10090,Random,6,0.6933333333333334,0.6933333333333335
10090,Random,7,0.5266666666666666,0.6051851851851853
10090,Random,8,0.5333333333333333,0.6044444444444445
10090,Random,9,0.6133333333333333,0.6370370370370371
10090,Random,10,0.6,0.6518518518518519
10090,Random,11,0.5933333333333334,0.6392592592592592
10090,Random,12,0.6266666666666667,0.6592592592592592
10090,Random,13,0.6066666666666667,0.654074074074074
10090,Random,14,0.6066666666666667,0.6414814814814814
10090,TPEBO,0,0.4666666666666667,0.5437037037037038
10090,TPEBO,1,0.66,0.7192592592592593
10090,TPEBO,2,0.6066666666666667,0.591851851851852
10090,TPEBO,3,0.74,0.7725925925925926
10090,TPEBO,4,0.7333333333333333,0.7977777777777778
10090,TPEBO,5,0.6733333333333333,0.6607407407407407
10090,TPEBO,6,0.6866666666666666,0.7288888888888889
10090,TPEBO,7,0.6933333333333334,0.7303703703703703
10090,TPEBO,8,0.7466666666666667,0.7740740740740741
10090,TPEBO,9,0.6733333333333333,0.7222222222222222
10090,TPEBO,10,0.6533333333333333,0.6562962962962963
10090,TPEBO,11,0.58,0.6318518518518518
10090,TPEBO,12,0.54,0.4644444444444445
10090,TPEBO,13,0.5733333333333334,0.5340740740740741
10090,TPEBO,14,0.7066666666666667,0.7525925925925926
10090,TPEBO,15,0.64,0.6666666666666667
10090,TPEC,0,0.4533333333333333,0.5118518518518519
10090,TPEC,1,0.2866666666666667,0.2859259259259259
10090,TPEC,2,0.36666666666666664,0.377037037037037
10090,TPEC,3,0.5933333333333334,0.5844444444444443
10090,TPEC,4,0.37333333333333335,0.417037037037037
10090,TPEC,5,0.38,0.3807407407407407
10090,TPEC,6,0.5133333333333333,0.5733333333333334
10090,TPEC,7,0.43333333333333335,0.4674074074074074
10090,TPEC,8,0.35333333333333333,0.3674074074074074
10090,TPEC,9,0.48,0.4822222222222222
10090,TPEC,10,0.4066666666666667,0.3525925925925926
10090,TPEC,11,0.3,0.3007407407407407
10090,TPEC,12,0.2,0.20222222222222222
10090,TPEC,13,0.28,0.28740740740740744
10090,TPEC,14,0.46,0.4725925925925926
10090,TPEC,15,0.32,0.3274074074074074
10090,TPEC,16,0.47333333333333333,0.5422222222222222
10090,TPEC,17,0.41333333333333333,0.4325925925925926
167120,Random,0,0.5150539867109635,0.5227136393383726
167120,Random,1,0.5141196013289037,0.5228174242731367
167120,Random,2,0.5128737541528239,0.5222176955526097
167120,Random,3,0.5131852159468439,0.5230712706343195
167120,Random,4,0.5130813953488372,0.5220560861284748
167120,Random,5,0.509032392026578,0.5223790394978849
167120,Random,6,0.5119393687707641,0.5218946217529398
167120,Random,7,0.5141196013289037,0.5224714021880768
167120,Random,8,0.5136004983388704,0.5228751589388332
167120,Random,9,0.5155730897009967,0.5224137540192518
167120,Random,10,0.5075789036544851,0.5219984000340985
167120,Random,11,0.5167151162790697,0.5225060222282455
167120,Random,12,0.5098629568106312,0.5217215568162054
167120,Random,13,0.5155730897009967,0.5220099553507807
167120,Random,14,0.5144310631229236,0.5220907347791471
168757,EA,0,0.72,0.7311111111111112
168757,EA,1,0.73,0.7322222222222223
168757,EA,2,0.72,0.7188888888888889
168757,EA,3,0.7,0.71
168757,EA,4,0.72,0.7077777777777777
168757,EA,5,0.68,0.7277777777777779
168757,EA,6,0.73,0.7388888888888889
168757,EA,7,0.72,0.7311111111111112
168757,EA,8,0.74,0.7333333333333334
168757,EA,9,0.73,0.7355555555555556
168757,EA,10,0.71,0.7300000000000001
168757,EA,11,0.68,0.731111111111111
168757,EA,12,0.72,0.7244444444444446
168757,EA,13,0.71,0.7277777777777779
168757,EA,14,0.72,0.7266666666666667
168757,EA,15,0.75,0.7300000000000001
168757,EA,16,0.68,0.7177777777777777
168757,EA,17,0.7,0.7
168757,EA,18,0.72,0.7288888888888889
168757,EA,19,0.7,0.7344444444444445
168757,Random,0,0.77,0.7611111111111111
168757,Random,1,0.78,0.7544444444444445
168757,Random,2,0.73,0.7488888888888889
168757,Random,3,0.78,0.7544444444444445
168757,Random,4,0.78,0.7644444444444444
168757,Random,5,0.79,0.7511111111111111
168757,Random,6,0.76,0.7511111111111111
168757,Random,7,0.77,0.7566666666666666
168757,Random,8,0.78,0.76
168757,Random,9,0.78,0.7622222222222221
168757,Random,10,0.8,0.7644444444444444
168757,Random,11,0.75,0.7555555555555555
168757,Random,12,0.81,0.76
168757,Random,13,0.78,0.7577777777777778
168757,Random,14,0.77,0.7588888888888888
168757,TPEBO,0,0.77,0.7633333333333333
168757,TPEBO,1,0.78,0.7577777777777778
168757,TPEBO,2,0.81,0.7744444444444444
168757,TPEBO,3,0.7,0.7411111111111112
168757,TPEBO,4,0.83,0.7699999999999999
168757,TPEBO,5,0.77,0.7622222222222221
168757,TPEBO,6,0.81,0.7722222222222223
168757,TPEBO,7,0.78,0.7744444444444444
168757,TPEBO,8,0.83,0.7722222222222223
168757,TPEBO,9,0.8,0.7699999999999999
168757,TPEBO,10,0.82,0.7777777777777778
168757,TPEBO,11,0.77,0.7688888888888888
168757,TPEBO,12,0.8,0.7811111111111111
168757,TPEBO,13,0.77,0.7699999999999999
168757,TPEBO,14,0.75,0.7755555555555554
168757,TPEBO,15,0.8,0.7655555555555555
168757,TPEBO,16,0.77,0.7544444444444445
168757,TPEBO,17,0.79,0.7677777777777778
168757,TPEBO,18,0.78,0.7577777777777778
168757,TPEBO,19,0.76,0.7688888888888888
168757,TPEC,0,0.72,0.7366666666666667
168757,TPEC,1,0.73,0.7300000000000001
168757,TPEC,2,0.72,0.72
168757,TPEC,3,0.68,0.7188888888888889
168757,TPEC,4,0.71,0.7144444444444444
168757,TPEC,5,0.67,0.7311111111111112
168757,TPEC,6,0.73,0.7344444444444445
168757,TPEC,7,0.72,0.7266666666666668
168757,TPEC,8,0.73,0.7211111111111113
168757,TPEC,9,0.73,0.7266666666666668
168757,TPEC,10,0.68,0.7288888888888889
168757,TPEC,11,0.68,0.7188888888888889
168757,TPEC,12,0.7,0.74
168757,TPEC,13,0.72,0.7200000000000001
168757,TPEC,14,0.68,0.7233333333333334
168757,TPEC,15,0.74,0.7255555555555556
168757,TPEC,16,0.72,0.7077777777777777
168757,TPEC,17,0.7,0.7
168757,TPEC,18,0.73,0.7244444444444446
168757,TPEC,19,0.69,0.7322222222222223
168784,EA,0,0.7333333333333333,0.7319721653704462
168784,EA,1,0.6358974358974359,0.64603683995088
168784,EA,2,0.5948717948717949,0.6116807204257061
168784,EA,3,0.5846153846153846,0.6048153909128121
168784,EA,4,0.6307692307692307,0.6317183790421612
168784,EA,5,0.6205128205128205,0.6088121162505117
168784,EA,6,0.717948717948718,0.7193516168645109
168784,EA,7,0.6205128205128205,0.6179844453540728
168784,EA,8,0.6307692307692307,0.6345804338927548
168784,EA,9,0.6512820512820513,0.6552189930413426
168784,EA,10,0.5846153846153846,0.6105296766270978
168784,EA,11,0.6410256410256411,0.648902169463774
168784,EA,12,0.6205128205128205,0.6351796970937371
168784,EA,13,0.5794871794871795,0.5887760949652068
168784,EA,14,0.5487179487179488,0.580771182971756
168784,EA,15,0.6564102564102564,0.6300008186655751
168784,EA,16,0.5794871794871795,0.5973589848546869
168784,EA,17,0.6,0.6128284895620139
168784,EA,18,0.6,0.6111060171919771
168784,EA,19,0.6153846153846154,0.6529267294310275
168784,Random,0,0.7333333333333333,0.7308194842406877
168784,Random,1,0.7948717948717948,0.7709095374539501
168784,Random,2,0.7743589743589744,0.7668997134670488
168784,Random,3,0.7487179487179487,0.7548784281620957
168784,Random,4,0.7282051282051282,0.7353860008186656
168784,Random,5,0.7435897435897436,0.7376897257470324
168784,Random,6,0.7538461538461538,0.7314072861236185
168784,Random,7,0.7538461538461538,0.7537290216946377
168784,Random,8,0.7692307692307693,0.7416962750716334
168784,Random,9,0.7692307692307693,0.7491264838313548
168784,Random,10,0.7794871794871795,0.7491477691363079
168784,Random,11,0.7589743589743589,0.7313876381498158
168784,Random,12,0.7846153846153846,0.7594416700777732
168784,Random,13,0.7692307692307693,0.7617470323372902
168784,Random,14,0.7692307692307693,0.7416848137535816
168784,TPEBO,0,0.764102564102564,0.7428424068767908
168784,TPEBO,1,0.6410256410256411,0.6603733115022512
168784,TPEBO,2,0.8102564102564103,0.7772034383954154
168784,TPEBO,3,0.8205128205128205,0.783520261972984
168784,TPEBO,4,0.8153846153846154,0.7720622185837085
168784,TPEBO,5,0.8256410256410256,0.7903675808432256
168784,TPEBO,6,0.8205128205128205,0.8035530085959885
168784,TPEBO,7,0.764102564102564,0.7651887024150634
168784,TPEBO,8,0.8153846153846154,0.7955349979533359
168784,TPEBO,9,0.8102564102564103,0.7657372083503888
168784,TPEBO,10,0.7948717948717948,0.7926729431027425
168784,TPEBO,11,0.8205128205128205,0.798953745395006
168784,TPEBO,12,0.8307692307692308,0.7938207122390504
168784,TPEBO,13,0.7897435897435897,0.778916086778551
168784,TPEBO,14,0.7794871794871795,0.7548817028243964
168784,TPEBO,15,0.7384615384615385,0.7290822758902988
168784,TPEBO,16,0.8256410256410256,0.7846582071223904
168784,TPEBO,17,0.6358974358974359,0.671222267703643
168784,TPEBO,18,0.8205128205128205,0.7789193614408514
168784,TPEBO,19,0.7692307692307693,0.7382627916496111
168784,TPEC,0,0.7128205128205128,0.7193729021694637
168784,TPEC,1,0.6358974358974359,0.630582071223905
168784,TPEC,2,0.5692307692307692,0.6048022922636103
168784,TPEC,3,0.6307692307692307,0.6363225542365945
168784,TPEC,4,0.6153846153846154,0.6185427752762995
168784,TPEC,5,0.6564102564102564,0.6431747851002866
168784,TPEC,6,0.6512820512820513,0.6454752353663529
168784,TPEC,7,0.6410256410256411,0.6397527629963161
168784,TPEC,8,0.6205128205128205,0.6294228407695457
168784,TPEC,9,0.6358974358974359,0.6420450266066312
168784,TPEC,10,0.5948717948717949,0.5939255014326648
168784,TPEC,11,0.6512820512820513,0.6420286532951289
168784,TPEC,12,0.5487179487179488,0.5486794924273435
168784,TPEC,13,0.5641025641025641,0.5664265247646336
168784,TPEC,14,0.5641025641025641,0.5561424478100696
168784,TPEC,15,0.6256410256410256,0.6242636103151863
168784,TPEC,16,0.6051282051282051,0.6208530495292672
168784,TPEC,17,0.5948717948717949,0.611672533769955
168784,TPEC,18,0.5692307692307692,0.5881932050757266
168784,TPEC,19,0.6358974358974359,0.6363176422431436
168910,EA,0,0.3786407766990291,0.35950170306205365
168910,EA,1,0.4029126213592233,0.38432327512073405
168910,EA,2,0.2342233009708738,0.23391345732971885
168910,EA,3,0.2342233009708738,0.23391345732971885
168910,EA,4,0.33859223300970875,0.31282833880697386
168910,EA,5,0.4393203883495146,0.4198020207425041
168910,EA,6,0.2815533980582524,0.26669323862069716
168910,EA,7,0.40048543689320387,0.38891185118249744
168910,EA,8,0.2342233009708738,0.23391345732971885
168910,EA,9,0.32524271844660196,0.31471931553558413
168910,EA,10,0.2342233009708738,0.23391345732971885
168910,EA,11,0.2815533980582524,0.2719555775168509
168910,EA,12,0.2815533980582524,0.26831185282049463
168910,EA,13,0.2342233009708738,0.23391345732971885
168910,EA,14,0.2342233009708738,0.23391345732971885
168910,EA,15,0.38228155339805825,0.3520846698935211
168910,EA,16,0.3094660194174757,0.304465635274451
168910,EA,17,0.3907766990291262,0.37582598282104973
168910,EA,18,0.2342233009708738,0.23391345732971885
168910,EA,19,0.41019417475728154,0.3899891073188443
168910,Random,0,0.4854368932038835,0.4703892882265313
168910,Random,1,0.5157766990291263,0.5089728574769566
168910,Random,2,0.5169902912621359,0.5087031339435784
168910,Random,3,0.4854368932038835,0.4621589894649482
168910,Random,4,0.5048543689320388,0.4896779788570966
168910,Random,5,0.4902912621359223,0.4756533561196939
168910,Random,6,0.5048543689320388,0.4931869327866063
168910,Random,7,0.5012135922330098,0.487386420821492
168910,Random,8,0.4757281553398058,0.4744313192338177
168910,Random,9,0.4902912621359223,0.4799672946565801
168910,Random,10,0.4842233009708738,0.4693110310919162
168910,Random,11,0.4502427184466019,0.4523133524979002
168910,Random,12,0.4830097087378641,0.4827976627600434
168910,Random,13,0.4866504854368932,0.4716037721254742
168910,Random,14,0.4830097087378641,0.4717400898896445
168910,TPEBO,0,0.4575242718446602,0.451909131197203
168910,TPEBO,1,0.5121359223300971,0.5103198371466817
168910,TPEBO,2,0.4975728155339806,0.483879013889306
168910,TPEBO,3,0.5133495145631068,0.5041145578818149
168910,TPEBO,4,0.4817961165048544,0.4849600920190408
168910,TPEBO,5,0.46601941747572817,0.4655349016246202
168910,TPEBO,6,0.5097087378640777,0.5012814597830746
168910,TPEBO,7,0.5036407766990292,0.49804350338473913
168910,TPEBO,8,0.5230582524271845,0.5132880700116389
168910,TPEBO,9,0.49029126213592233,0.49156895558570685
168910,TPEBO,10,0.5194174757281553,0.5196330340348511
168910,TPEBO,11,0.4987864077669903,0.4927821654868537
168910,TPEBO,12,0.4065533980582524,0.40078123364846585
168910,TPEBO,13,0.4211165048543689,0.40820245280975664
168910,TPEBO,14,0.42597087378640774,0.4157576237393109
168910,TPEBO,15,0.4830097087378641,0.48806145765367825
168910,TPEC,0,0.2342233009708738,0.23391345732971885
168910,TPEC,1,0.2342233009708738,0.23391345732971885
168910,TPEC,2,0.30461165048543687,0.2823430275465623
168910,TPEC,3,0.4174757281553398,0.40860367111564894
168910,TPEC,4,0.2815533980582524,0.26682810038738636
168910,TPEC,5,0.2342233009708738,0.23391345732971885
168910,TPEC,6,0.2342233009708738,0.23391345732971885
168910,TPEC,7,0.2342233009708738,0.23391345732971885
168910,TPEC,8,0.2815533980582524,0.2683131268182906
168910,TPEC,9,0.2342233009708738,0.23391345732971885
168910,TPEC,10,0.2342233009708738,0.23391345732971885
168910,TPEC,11,0.3422330097087379,0.32658869800155244
168910,TPEC,12,0.3919902912621359,0.38648333838382454
168910,TPEC,13,0.2342233009708738,0.23391345732971885
190146,EA,0,0.7176470588235294,0.7240712074303405
190146,EA,1,0.7764705882352941,0.6805813553491571
190146,EA,2,0.7058823529411765,0.6846319229446165
190146,EA,3,0.7294117647058823,0.6872377020983832
190146,EA,4,0.7176470588235294,0.6886222910216718
190146,EA,5,0.7294117647058823,0.6925266597867217
190146,EA,6,0.7058823529411765,0.6991142070863433
190146,EA,7,0.6941176470588235,0.6991314069487444
190146,EA,8,0.6941176470588235,0.6963966288269694
190146,EA,9,0.7176470588235294,0.6846061231510148
190146,EA,10,0.6823529411764706,0.6727554179566563
190146,EA,11,0.7058823529411765,0.6978070175438595
190146,EA,12,0.7176470588235294,0.680718954248366
190146,EA,13,0.6470588235294118,0.6622463020295838
190146,EA,14,0.5647058823529412,0.4823099415204678
190146,EA,15,0.6823529411764706,0.6779927760577915
190146,EA,16,0.6352941176470588,0.6464912280701754
190146,EA,17,0.6588235294117647,0.6898520811833505
190146,EA,18,0.7058823529411765,0.6858359133126936
190146,EA,19,0.7411764705882353,0.7029927760577916
190146,Random,0,0.7411764705882353,0.7175180598555211
190146,Random,1,0.7647058823529411,0.7345287237702098
190146,Random,2,0.7176470588235294,0.7634674922600619
190146,Random,3,0.7647058823529411,0.7385706914344685
190146,Random,4,0.7411764705882353,0.7280099759201926
190146,Random,5,0.7411764705882353,0.7503267973856209
190146,Random,6,0.7529411764705882,0.7450464396284829
190146,Random,7,0.7294117647058823,0.7386136910904713
190146,Random,8,0.7058823529411765,0.7358531131750945
190146,Random,9,0.7411764705882353,0.7358703130374957
190146,Random,10,0.7294117647058823,0.7437564499484004
190146,Random,11,0.7058823529411765,0.7424234606123152
190146,Random,12,0.7529411764705882,0.7227296181630546
190146,Random,13,0.7529411764705882,0.7109391124871001
190146,Random,14,0.7294117647058823,0.7279669762641899
190146,TPEBO,0,0.788235294117647,0.7582473340213278
190146,TPEBO,1,0.8235294117647058,0.7595631234950121
190146,TPEBO,2,0.788235294117647,0.760827313381493
190146,TPEBO,3,0.8117647058823529,0.7595029239766082
190146,TPEBO,4,0.7294117647058823,0.7542827657378741
190146,TPEBO,5,0.7294117647058823,0.7424750601995183
190146,TPEBO,6,0.7647058823529411,0.7700378396972825
190146,TPEBO,7,0.7647058823529411,0.7779325765393877
190146,TPEBO,8,0.7176470588235294,0.7594943240454077
190146,TPEBO,9,0.788235294117647,0.7700120399036807
190146,TPEBO,10,0.7176470588235294,0.7227382180942552
190146,TPEBO,11,0.7411764705882353,0.7464568283453732
190146,TPEBO,12,0.788235294117647,0.7529669762641898
190146,TPEBO,13,0.788235294117647,0.7384330925352597
190146,TPEBO,14,0.7647058823529411,0.7253955968352253
190146,TPEBO,15,0.7647058823529411,0.7358531131750945
190146,TPEBO,16,0.8,0.7541967664258686
190146,TPEBO,17,0.7058823529411765,0.726642586859305
190146,TPEBO,18,0.7647058823529411,0.7410732714138286
190146,TPEBO,19,0.7294117647058823,0.745063639490884
190146,TPEC,0,0.7411764705882353,0.7188080495356038
190146,TPEC,1,0.6823529411764706,0.6727210182318542
190146,TPEC,2,0.6941176470588235,0.6728242174062607
190146,TPEC,3,0.7294117647058823,0.6819831441348468
190146,TPEC,4,0.7176470588235294,0.6820347437220502
190146,TPEC,5,0.6588235294117647,0.6951410388716891
190146,TPEC,6,0.7058823529411765,0.6964912280701754
190146,TPEC,7,0.6941176470588235,0.6925610595115239
190146,TPEC,8,0.6941176470588235,0.6911506707946335
190146,TPEC,9,0.7058823529411765,0.681965944272446
190146,TPEC,10,0.6823529411764706,0.6727468180254558
190146,TPEC,11,0.7176470588235294,0.6938682490540076
190146,TPEC,12,0.6705882352941176,0.6452270381836944
190146,TPEC,13,0.6588235294117647,0.6333075335397317
190146,TPEC,14,0.6705882352941176,0.6610509115927072
190146,TPEC,15,0.6823529411764706,0.6477898176814586
190146,TPEC,16,0.7294117647058823,0.6661420708634331
190146,TPEC,17,0.6588235294117647,0.6832731338149294
190146,TPEC,18,0.6352941176470588,0.6582817337461301
190146,TPEC,19,0.7058823529411765,0.6845717234262125
190410,EA,0,0.7448630136986302,0.7372320123473602
190410,EA,1,0.7311643835616438,0.7271338689908757
190410,EA,2,0.7311643835616438,0.7269444822733668
190410,EA,3,0.7311643835616438,0.72637378001725
190410,EA,4,0.7465753424657534,0.7380029960506604
190410,EA,5,0.7448630136986302,0.7461912932952017
190410,EA,6,0.7328767123287672,0.7275144582141723
190410,EA,7,0.7328767123287672,0.7277092922965183
190410,EA,8,0.7311643835616438,0.7263735984384221
190410,EA,9,0.7277397260273972,0.7290413545780562
190410,EA,10,0.7294520547945206,0.7282767261337328
190410,EA,11,0.7311643835616438,0.7273218030777612
190410,EA,12,0.7294520547945206,0.7288452494439149
190410,EA,13,0.7311643835616438,0.7269448454310228
190410,EA,14,0.7294520547945206,0.7265642562077261
190410,EA,15,0.7311643835616438,0.7275122792682374
190410,EA,16,0.7328767123287672,0.7284717417949068
190410,EA,17,0.7294520547945206,0.7284668391665531
190410,EA,18,0.7448630136986302,0.7456189568296336
190410,Random,0,0.75,0.7522894366516863
190410,Random,1,0.7654109589041096,0.7549559217395252
190410,Random,2,0.7568493150684932,0.7566691179808435
190410,Random,3,0.7585616438356164,0.7593323346497798
190410,Random,4,0.773972602739726,0.772671841663262
190410,Random,5,0.7705479452054794,0.7690587861455355
190410,Random,6,0.7671232876712328,0.7667656271278769
190410,Random,7,0.7636986301369864,0.7635291660992328
190410,Random,8,0.7482876712328768,0.7600964183576195
190410,Random,9,0.7534246575342466,0.7682948840165237
190410,Random,10,0.7671232876712328,0.7530404466839167
190410,Random,11,0.7585616438356164,0.7482827182350539
190410,Random,12,0.7756849315068494,0.7713417767488311
190410,Random,13,0.7585616438356164,0.7517149212401832
190410,Random,14,0.7688356164383562,0.7627650823913932
190410,TPEBO,0,0.7636986301369864,0.7751520268736666
190410,TPEBO,1,0.7842465753424658,0.7793435925371102
190410,TPEBO,2,0.7705479452054794,0.7722952471741795
190410,TPEBO,3,0.7363013698630136,0.7320824367878705
190410,TPEBO,4,0.7671232876712328,0.7732498070724952
190410,TPEC,0,0.738013698630137,0.7366653048254574
190410,TPEC,1,0.7311643835616438,0.72637378001725
190410,TPEC,2,0.7294520547945206,0.7267511008216443
190410,TPEC,3,0.7311643835616438,0.7275186345272141
190410,TPEC,4,0.7448630136986302,0.7427632666031141
190410,TPEC,5,0.7294520547945206,0.7282792682373235
190410,TPEC,6,0.7294520547945206,0.7277051159834763
190410,TPEC,7,0.7294520547945206,0.7284639339053067
190410,TPEC,8,0.7294520547945206,0.7271362295156385
190410,TPEC,9,0.7294520547945206,0.7269455717463342
190410,TPEC,10,0.7465753424657534,0.7418056198647237
190410,TPEC,11,0.7294520547945206,0.7263755958055291
190410,TPEC,12,0.7294520547945206,0.7280860683644287
190410,TPEC,13,0.7397260273972602,0.7397121975577647
190412,EA,0,0.7,0.7333333333333334
190412,EA,1,0.6,0.8111111111111111
190412,EA,2,0.7,0.8111111111111111
190412,EA,3,0.7,0.788888888888889
190412,EA,4,0.7,0.7666666666666667
190412,EA,5,0.8,0.8666666666666666
190412,EA,6,0.7,0.788888888888889
190412,EA,7,0.7,0.7888888888888889
190412,EA,8,0.9,0.8111111111111111
190412,EA,9,0.8,0.8111111111111111
190412,EA,10,0.7,0.7555555555555556
190412,EA,11,0.7,0.7777777777777779
190412,EA,12,0.7,0.7777777777777779
190412,EA,13,0.6,0.7222222222222222
190412,EA,14,0.6,0.788888888888889
190412,EA,15,0.7,0.8666666666666666
190412,EA,16,0.8,0.8333333333333333
190412,EA,17,0.7,0.788888888888889
190412,EA,18,0.7,0.8111111111111111
190412,EA,19,0.7,0.8555555555555557
190412,Random,0,0.7,0.8444444444444444
190412,Random,1,0.7,0.7777777777777778
190412,Random,2,0.7,0.8
190412,Random,3,0.7,0.8222222222222222
190412,Random,4,0.7,0.8666666666666666
190412,Random,5,0.7,0.8111111111111111
190412,Random,6,0.7,0.9
190412,Random,7,0.7,0.8333333333333334
190412,Random,8,0.7,0.8222222222222222
190412,Random,9,0.6,0.788888888888889
190412,Random,10,0.7,0.8666666666666666
190412,Random,11,0.8,0.8111111111111111
190412,Random,12,0.7,0.8
190412,Random,13,0.7,0.8666666666666668
190412,Random,14,0.8,0.8111111111111111
190412,TPEBO,0,0.8,0.8
190412,TPEBO,1,0.6,0.8222222222222222
190412,TPEBO,2,0.7,0.8666666666666668
190412,TPEBO,3,0.7,0.8111111111111111
190412,TPEBO,4,0.9,0.8111111111111111
190412,TPEBO,5,0.7,0.8666666666666666
190412,TPEBO,6,0.7,0.8555555555555555
190412,TPEBO,7,0.7,0.8333333333333333
190412,TPEBO,8,0.7,0.8777777777777779
190412,TPEBO,9,0.9,0.8222222222222222
190412,TPEBO,10,0.7,0.7666666666666667
190412,TPEBO,11,0.7,0.8
190412,TPEBO,12,0.9,0.8333333333333334
190412,TPEBO,13,0.7,0.788888888888889
190412,TPEBO,14,0.6,0.8111111111111111
190412,TPEBO,15,0.7,0.9111111111111111
190412,TPEBO,16,0.7,0.8666666666666666
190412,TPEBO,17,0.8,0.8444444444444444
190412,TPEBO,18,0.7,0.8111111111111111
190412,TPEBO,19,0.7,0.8777777777777779
190412,TPEC,0,0.8,0.7666666666666667
190412,TPEC,1,0.7,0.8333333333333333
190412,TPEC,2,0.7,0.8111111111111111
190412,TPEC,3,0.7,0.7777777777777778
190412,TPEC,4,0.7,0.7444444444444445
190412,TPEC,5,0.7,0.7777777777777778
190412,TPEC,6,0.8,0.7666666666666667
190412,TPEC,7,0.7,0.8
190412,TPEC,8,0.7,0.8555555555555557
190412,TPEC,9,0.7,0.788888888888889
190412,TPEC,10,0.6,0.7555555555555555
190412,TPEC,11,0.7,0.7666666666666666
190412,TPEC,12,0.7,0.7666666666666666
190412,TPEC,13,0.8,0.7111111111111111
190412,TPEC,14,0.6,0.7777777777777779
190412,TPEC,15,0.7,0.8444444444444444
190412,TPEC,16,0.8,0.8111111111111111
190412,TPEC,17,0.6,0.7777777777777778
190412,TPEC,18,0.7,0.8
190412,TPEC,19,0.7,0.8555555555555555
359954,EA,0,0.6486486486486487,0.691786283891547
359954,EA,1,0.6621621621621622,0.6176577808156756
359954,EA,2,0.5540540540540541,0.5393255866940078
359954,EA,3,0.5675675675675675,0.549920255183413
359954,EA,4,0.5945945945945946,0.5936773752563227
359954,EA,5,0.5675675675675675,0.5695602642971064
359954,EA,6,0.6351351351351351,0.6539986329460014
359954,EA,7,0.5405405405405406,0.5709273182957393
359954,EA,8,0.5945945945945946,0.6117224880382774
359954,EA,9,0.5675675675675675,0.5982000455684666
359954,EA,10,0.5945945945945946,0.5558783321941216
359954,EA,11,0.581081081081081,0.6041922989291411
359954,EA,12,0.581081081081081,0.5876395534290271
359954,EA,13,0.5405405405405406,0.5286511733880155
359954,EA,14,0.527027027027027,0.5181590339485076
359954,EA,15,0.6081081081081081,0.5981544771018455
359954,EA,16,0.4864864864864865,0.563488266119845
359954,EA,17,0.6216216216216216,0.577056277056277
359954,EA,18,0.527027027027027,0.5740487582592845
359954,EA,19,0.6351351351351351,0.6298929141034404
359954,Random,0,0.6621621621621622,0.6752335383914331
359954,Random,1,0.6351351351351351,0.6872863978127136
359954,Random,2,0.6486486486486487,0.6812143996354523
359954,Random,3,0.6081081081081081,0.6525974025974025
359954,Random,4,0.6756756756756757,0.676805650489861
359954,Random,5,0.6216216216216216,0.6812941444520393
359954,Random,6,0.6621621621621622,0.6677147413989519
359954,Random,7,0.6486486486486487,0.6783208020050125
359954,Random,8,0.6621621621621622,0.6767031214399636
359954,Random,9,0.7027027027027027,0.6631578947368422
359954,Random,10,0.6486486486486487,0.6615516062884483
359954,Random,11,0.6351351351351351,0.6812599681020732
359954,Random,12,0.6486486486486487,0.661574390521759
359954,Random,13,0.6756756756756757,0.6737867395762132
359954,Random,14,0.6081081081081081,0.67220323536113
359954,TPEBO,0,0.6486486486486487,0.687263613579403
359954,TPEBO,1,0.6621621621621622,0.6947482342219184
359954,TPEBO,2,0.6216216216216216,0.6466165413533835
359954,TPEBO,3,0.6756756756756757,0.7025404420141261
359954,TPEBO,4,0.6351351351351351,0.690293916609706
359954,TPEBO,5,0.6216216216216216,0.6888585099111415
359954,TPEBO,6,0.6486486486486487,0.6918432444748235
359954,TPEBO,7,0.6216216216216216,0.6964114832535885
359954,TPEBO,8,0.6351351351351351,0.6782752335383915
359954,TPEBO,9,0.6351351351351351,0.7039644565960355
359954,TPEBO,10,0.6621621621621622,0.6796764638869901
359954,TPEBO,11,0.6351351351351351,0.6827751196172249
359954,TPEBO,12,0.6216216216216216,0.6706425153793575
359954,TPEBO,13,0.6081081081081081,0.5980975165185691
359954,TPEBO,14,0.6486486486486487,0.6828776486671224
359954,TPEBO,15,0.6486486486486487,0.6888129414445203
359954,TPEBO,16,0.6621621621621622,0.6994303941672364
359954,TPEBO,17,0.6486486486486487,0.6615857826384143
359954,TPEBO,18,0.6081081081081081,0.685771246297562
359954,TPEBO,19,0.6486486486486487,0.67220323536113
359954,TPEC,0,0.6891891891891891,0.6600592390066073
359954,TPEC,1,0.6081081081081081,0.6025290498974709
359954,TPEC,2,0.5675675675675675,0.5257120072909547
359954,TPEC,3,0.6081081081081081,0.6057871952608794
359954,TPEC,4,0.5135135135135135,0.5407723855092277
359954,TPEC,5,0.5675675675675675,0.5604579630895421
359954,TPEC,6,0.6351351351351351,0.632820688083846
359954,TPEC,7,0.6081081081081081,0.62842333105491
359954,TPEC,8,0.581081081081081,0.5618705855547961
359954,TPEC,9,0.6351351351351351,0.6209273182957393
359954,TPEC,10,0.5540540540540541,0.5347459557985874
359954,TPEC,11,0.581081081081081,0.6026771474139896
359954,TPEC,12,0.6081081081081081,0.5861244019138756
359954,TPEC,13,0.5135135135135135,0.5105377079061288
359954,TPEC,14,0.4864864864864865,0.49698108908635225
359954,TPEC,15,0.5540540540540541,0.543814080656186
359954,TPEC,16,0.6756756756756757,0.5983595352016404
359954,TPEC,17,0.6216216216216216,0.5619275461380726
359954,TPEC,18,0.527027027027027,0.56950330371383
359954,TPEC,19,0.5675675675675675,0.5679881521986785
359955,EA,0,0.7733333333333333,0.7711885019347706
359955,EA,1,0.7866666666666666,0.7905362078496407
359955,EA,2,0.76,0.7622553897180764
359955,EA,3,0.76,0.7711442786069652
359955,EA,4,0.76,0.7622553897180764
359955,EA,5,0.7466666666666667,0.7667108899944721
359955,EA,6,0.76,0.7815146489773357
359955,EA,7,0.76,0.7652183526810393
359955,EA,8,0.7333333333333333,0.7740961857379768
359955,EA,9,0.7466666666666667,0.7741404090657823
359955,EA,10,0.76,0.7622553897180764
359955,EA,11,0.7333333333333333,0.7785627418463239
359955,EA,12,0.76,0.7666998341625207
359955,EA,13,0.76,0.7622553897180764
359955,EA,14,0.76,0.7622553897180764
359955,EA,15,0.76,0.7622553897180764
359955,EA,16,0.76,0.7622553897180764
359955,EA,17,0.76,0.7726478717523493
359955,EA,18,0.76,0.7622553897180764
359955,EA,19,0.8,0.791984521835268
359955,Random,0,0.7733333333333333,0.8023991155334439
359955,Random,1,0.7733333333333333,0.7994140409065782
359955,Random,2,0.7733333333333333,0.8023991155334439
359955,Random,3,0.7733333333333333,0.8038032061912659
359955,Random,4,0.7733333333333333,0.7920287451630736
359955,Random,5,0.7733333333333333,0.7949474847982311
359955,Random,6,0.7866666666666666,0.7935544499723604
359955,Random,7,0.7733333333333333,0.8038916528468768
359955,Random,8,0.76,0.8053952459922609
359955,Random,9,0.7733333333333333,0.8053178551686015
359955,Random,10,0.7733333333333333,0.7979767827529021
359955,Random,11,0.7733333333333333,0.7994140409065782
359955,Random,12,0.7733333333333333,0.7949032614704257
359955,Random,13,0.7733333333333333,0.790480928689884
359955,Random,14,0.76,0.797943615257048
359955,TPEBO,0,0.7733333333333333,0.797943615257048
359955,TPEBO,1,0.7733333333333333,0.8053841901603096
359955,TPEBO,2,0.7733333333333333,0.797844112769486
359955,TPEBO,3,0.7733333333333333,0.7994693200663351
359955,TPEBO,4,0.7733333333333333,0.7963847429519072
359955,TPEBO,5,0.7733333333333333,0.7993034825870647
359955,TPEBO,6,0.7733333333333333,0.7993366500829188
359955,TPEBO,7,0.7733333333333333,0.8008181315644002
359955,TPEBO,8,0.7733333333333333,0.7978662244333885
359955,TPEBO,9,0.7733333333333333,0.7934660033167497
359955,TPEBO,10,0.7733333333333333,0.8054063018242124
359955,TPEBO,11,0.7733333333333333,0.8082587064676618
359955,TPEBO,12,0.7733333333333333,0.8023991155334438
359955,TPEBO,13,0.7733333333333333,0.7993919292426754
359955,TPEBO,14,0.76,0.8128026533996682
359955,TPEBO,15,0.7733333333333333,0.7950027639579879
359955,TPEBO,16,0.7733333333333333,0.8009176340519625
359955,TPEBO,17,0.7733333333333333,0.8008070757324489
359955,TPEBO,18,0.7733333333333333,0.7994029850746269
359955,TPEBO,19,0.7733333333333333,0.7949364289662797
359955,TPEC,0,0.7733333333333333,0.7756440022111664
359955,TPEC,1,0.7866666666666666,0.7845660585959093
359955,TPEC,2,0.76,0.7622553897180764
359955,TPEC,3,0.76,0.7711442786069652
359955,TPEC,4,0.76,0.7637479270315091
359955,TPEC,5,0.76,0.7637368711995578
359955,TPEC,6,0.76,0.7815146489773357
359955,TPEC,7,0.76,0.7637479270315091
359955,TPEC,8,0.7333333333333333,0.7740961857379768
359955,TPEC,9,0.7466666666666667,0.7771475953565505
359955,TPEC,10,0.76,0.7622553897180764
359955,TPEC,11,0.76,0.7756108347153123
359955,TPEC,12,0.7866666666666666,0.7890215588723052
359955,TPEC,13,0.76,0.7622553897180764
359955,TPEC,14,0.76,0.7622553897180764
359955,TPEC,15,0.76,0.7622553897180764
359955,TPEC,16,0.76,0.7622553897180764
359955,TPEC,17,0.76,0.7726478717523493
359955,TPEC,18,0.76,0.7622553897180764
359955,TPEC,19,0.8,0.791984521835268
359959,EA,0,0.5878378378378378,0.5660377358490567
359959,EA,1,0.581081081081081,0.5532075471698114
359959,EA,2,0.6081081081081081,0.558490566037736
359959,EA,3,0.5135135135135135,0.5328301886792453
359959,EA,4,0.581081081081081,0.5411320754716982
359959,EA,5,0.5202702702702703,0.5320754716981132
359959,EA,6,0.6148648648648649,0.5690566037735849
359959,EA,7,0.6013513513513513,0.5426415094339623
359959,EA,8,0.5540540540540541,0.5418867924528302
359959,EA,9,0.5675675675675675,0.5132075471698113
359959,EA,10,0.5202702702702703,0.5464150943396227
359959,EA,11,0.6148648648648649,0.5554716981132075
359959,EA,12,0.527027027027027,0.5358490566037736
359959,EA,13,0.6148648648648649,0.56
359959,EA,14,0.6081081081081081,0.5411320754716982
359959,EA,15,0.5878378378378378,0.5426415094339623
359959,EA,16,0.5608108108108109,0.5479245283018868
359959,EA,17,0.6081081081081081,0.5486792452830189
359959,EA,18,0.5405405405405406,0.5532075471698112
359959,EA,19,0.5743243243243243,0.5630188679245283
359959,Random,0,0.5743243243243243,0.5713207547169812
359959,Random,1,0.6148648648648649,0.5599999999999999
359959,Random,2,0.5878378378378378,0.5622641509433962
359959,Random,3,0.6148648648648649,0.5690566037735849
359959,Random,4,0.6148648648648649,0.5660377358490566
359959,Random,5,0.5540540540540541,0.5683018867924529
359959,Random,6,0.5608108108108109,0.5713207547169812
359959,Random,7,0.5945945945945946,0.5630188679245284
359959,Random,8,0.5945945945945946,0.5637735849056604
359959,Random,9,0.5878378378378378,0.5539622641509434
359959,Random,10,0.5540540540540541,0.5683018867924529
359959,Random,11,0.5945945945945946,0.5728301886792453
359959,Random,12,0.581081081081081,0.5645283018867925
359959,Random,13,0.581081081081081,0.5630188679245284
359959,Random,14,0.6081081081081081,0.5630188679245284
359959,TPEBO,0,0.5540540540540541,0.5713207547169812
359959,TPEBO,1,0.6081081081081081,0.5713207547169811
359959,TPEBO,2,0.5878378378378378,0.5766037735849057
359959,TPEBO,3,0.6013513513513513,0.5735849056603773
359959,TPEBO,4,0.581081081081081,0.569811320754717
359959,TPEBO,5,0.6013513513513513,0.5720754716981131
359959,TPEBO,6,0.5878378378378378,0.5750943396226416
359959,TPEBO,7,0.6148648648648649,0.5615094339622642
359959,TPEBO,8,0.6148648648648649,0.5660377358490566
359959,TPEBO,9,0.6081081081081081,0.5720754716981131
359959,TPEBO,10,0.6081081081081081,0.5690566037735849
359959,TPEBO,11,0.6081081081081081,0.5637735849056603
359959,TPEBO,12,0.581081081081081,0.5683018867924529
359959,TPEBO,13,0.5945945945945946,0.5660377358490566
359959,TPEBO,14,0.5945945945945946,0.5675471698113207
359959,TPEBO,15,0.5675675675675675,0.5728301886792453
359959,TPEBO,16,0.6013513513513513,0.569811320754717
359959,TPEBO,17,0.6216216216216216,0.5630188679245284
359959,TPEBO,18,0.6351351351351351,0.5667924528301886
359959,TPEBO,19,0.581081081081081,0.5781132075471699
359959,TPEC,0,0.5608108108108109,0.5547169811320753
359959,TPEC,1,0.6148648648648649,0.5433962264150943
359959,TPEC,2,0.6283783783783784,0.5615094339622642
359959,TPEC,3,0.5405405405405406,0.5486792452830189
359959,TPEC,4,0.5608108108108109,0.5245283018867924
359959,TPEC,5,0.6351351351351351,0.550188679245283
359959,TPEC,6,0.581081081081081,0.5539622641509434
359959,TPEC,7,0.5135135135135135,0.5343396226415094
359959,TPEC,8,0.5540540540540541,0.5290566037735849
359959,TPEC,9,0.6013513513513513,0.5637735849056604
359959,TPEC,10,0.5743243243243243,0.5358490566037736
359959,TPEC,11,0.6148648648648649,0.550188679245283
359959,TPEC,12,0.581081081081081,0.5486792452830189
359959,TPEC,13,0.6148648648648649,0.5539622641509434
359959,TPEC,14,0.5743243243243243,0.539622641509434
359959,TPEC,15,0.6013513513513513,0.5471698113207547
359959,TPEC,16,0.5608108108108109,0.5298113207547169
359959,TPEC,17,0.6013513513513513,0.5411320754716982
359959,TPEC,18,0.5608108108108109,0.5411320754716982
359959,TPEC,19,0.5472972972972973,0.5532075471698114
359969,EA,0,0.5196078431372549,0.5172534125881273
359969,EA,1,0.4803921568627451,0.4722130186878452
359969,EA,2,0.4411764705882353,0.444424224142052
359969,EA,3,0.42810457516339867,0.43225577803382836
359969,EA,4,0.44607843137254904,0.45550209263645813
359969,EA,5,0.44607843137254904,0.4487807652175634
359969,EA,6,0.5032679738562091,0.49128015943268866
359969,EA,7,0.45588235294117646,0.45623051804085046
359969,EA,8,0.46568627450980393,0.46276673078920166
359969,EA,9,0.4852941176470588,0.47239219913920855
359969,EA,10,0.434640522875817,0.443332327812861
359969,EA,11,0.4722222222222222,0.47566343746239603
359969,EA,12,0.4542483660130719,0.4574999464271879
359969,EA,13,0.4297385620915033,0.44061099380038937
359969,EA,14,0.41830065359477125,0.4173628659641211
359969,EA,15,0.4803921568627451,0.4662183034397042
359969,EA,16,0.4493464052287582,0.45332225612419663
359969,EA,17,0.477124183006536,0.4698526830088469
359969,EA,18,0.47875816993464054,0.4647645845799314
359969,EA,19,0.4869281045751634,0.48565221189777985
359969,Random,0,0.5915032679738562,0.5760948222289256
359969,Random,1,0.5261437908496732,0.5415914586805264
359969,Random,2,0.5147058823529411,0.5221560666676557
359969,Random,3,0.5604575163398693,0.5544817366162753
359969,Random,4,0.5326797385620915,0.5441346012781649
359969,Random,5,0.5277777777777778,0.5372317856560033
359969,Random,6,0.565359477124183,0.5661088500637105
359969,Random,7,0.5179738562091504,0.5257912704339068
359969,Random,8,0.5343137254901961,0.5390494699588395
359969,Random,9,0.545751633986928,0.5455863420648774
359969,Random,10,0.5686274509803921,0.5550293331750875
359969,Random,11,0.5375816993464052,0.5450405587397037
359969,Random,12,0.5326797385620915,0.532148137891473
359969,Random,13,0.5964052287581699,0.5684729770494072
359969,Random,14,0.5866013071895425,0.5677465297180752
359969,TPEBO,0,0.6013071895424836,0.6104247747057204
359969,TPEBO,1,0.6111111111111112,0.6111522110735826
359969,TPEBO,2,0.6029411764705882,0.6042530219186979
359969,TPEBO,3,0.6062091503267973,0.624044796761235
359969,TPEBO,4,0.6143790849673203,0.6236879194133035
359969,TPEBO,5,0.5065359477124183,0.5099869612017454
359969,TPEBO,6,0.6143790849673203,0.6182370094172761
359969,TPEBO,7,0.6111111111111112,0.6127854400635621
359969,TPEBO,8,0.6078431372549019,0.6245937120354207
359969,TPEBO,9,0.6062091503267973,0.6265904119501987
359969,TPEBO,10,0.5898692810457516,0.6165993297629115
359969,TPEBO,11,0.5555555555555556,0.5539417226708602
359969,TPEBO,12,0.6094771241830066,0.623136861226636
359969,TPEBO,13,0.6209150326797386,0.611516341356068
359969,TPEBO,14,0.6127450980392157,0.6185989967872797
359969,TPEBO,15,0.6094771241830066,0.6180523892649975
359969,TPEBO,16,0.6029411764705882,0.6153299013765741
359969,TPEBO,17,0.6062091503267973,0.6158751901834828
359969,TPEBO,18,0.6111111111111112,0.6162375072323296
359969,TPEBO,19,0.5718954248366013,0.5655620777020065
359969,TPEC,0,0.5261437908496732,0.5236099503668502
359969,TPEC,1,0.4803921568627451,0.46639863776701923
359969,TPEC,2,0.4297385620915033,0.43407263813955643
359969,TPEC,3,0.434640522875817,0.4297129651150332
359969,TPEC,4,0.4362745098039216,0.4491467087336871
359969,TPEC,5,0.46078431372549017,0.4596781345452328
359969,TPEC,6,0.4591503267973856,0.47130343475902947
359969,TPEC,7,0.4852941176470588,0.46912722471404483
359969,TPEC,8,0.4591503267973856,0.46294970254726364
359969,TPEC,9,0.49019607843137253,0.46422209804319126
359969,TPEC,10,0.4199346405228758,0.4358865311356942
359969,TPEC,11,0.4738562091503268,0.4742102131208883
359969,TPEC,12,0.4722222222222222,0.47766145609254745
359969,TPEC,13,0.4264705882352941,0.42935196678155974
359969,TPEC,14,0.4395424836601307,0.43062254904384895
359969,TPEC,15,0.4493464052287582,0.4520557948474494
359969,TPEC,16,0.45098039215686275,0.42898866069618274
359969,TPEC,17,0.45588235294117646,0.4493277024186888
359969,TPEC,18,0.4477124183006536,0.44696555350605205
359969,TPEC,19,0.47875816993464054,0.4716660814867197
359970,EA,0,0.5242914979757085,0.531007315700619
359970,EA,1,0.46963562753036436,0.4899268429938098
359970,EA,2,0.46963562753036436,0.4677546426561621
359970,EA,3,0.4706477732793522,0.46629150253235785
359970,EA,4,0.4706477732793522,0.4655036578503095
359970,EA,5,0.46963562753036436,0.4649409116488464
359970,EA,6,0.5060728744939271,0.5167135621834553
359970,EA,7,0.4757085020242915,0.48272369161508166
359970,EA,8,0.4706477732793522,0.4793472144063028
359970,EA,9,0.4706477732793522,0.4722566122678672
359970,EA,10,0.46356275303643724,0.4649409116488464
359970,EA,11,0.4716599190283401,0.4693303320202589
359970,EA,12,0.4686234817813765,0.4646032639279685
359970,EA,13,0.458502024291498,0.45942599887450764
359970,EA,14,0.4564777327935223,0.45413618458075405
359970,EA,15,0.4665991902834008,0.46426561620709067
359970,EA,16,0.4645748987854251,0.4603263927968486
359970,EA,17,0.46356275303643724,0.4619020821609454
359970,EA,18,0.4686234817813765,0.46539110861001687
359970,EA,19,0.4716599190283401,0.4889138998311761
359970,Random,0,0.5688259109311741,0.5655599324704559
359970,Random,1,0.569838056680162,0.5708497467642093
359970,Random,2,0.541497975708502,0.5360720315137872
359970,Random,3,0.5475708502024291,0.544625773776027
359970,Random,4,0.5404858299595142,0.5375351716375916
359970,Random,5,0.5384615384615384,0.5366347777152505
359970,Random,6,0.5445344129554656,0.5409116488463703
359970,Random,7,0.5890688259109311,0.589420371412493
359970,Random,8,0.5263157894736842,0.5290939786156443
359970,Random,9,0.5759109311740891,0.5705120990433314
359970,Random,10,0.5546558704453441,0.54946539110861
359970,Random,11,0.5435222672064778,0.5396736072031514
359970,Random,12,0.5323886639676113,0.5295441755768148
359970,Random,13,0.5253036437246964,0.5251547552054024
359970,Random,14,0.5748987854251012,0.5689364096792346
359970,TPEBO,0,0.5334008097165992,0.5466516601012943
359970,TPEBO,1,0.6558704453441295,0.6467079347214406
359970,TPEBO,2,0.6487854251012146,0.6296004501969612
359970,TPEBO,3,0.6275303643724697,0.6237478897017444
359970,TPEBO,4,0.645748987854251,0.6432189082723692
359970,TPEBO,5,0.6619433198380567,0.6480585256049523
359970,TPEBO,6,0.49291497975708504,0.5008441193021947
359970,TPEBO,7,0.6447368421052632,0.6489589195272931
359970,TPEBO,8,0.6649797570850202,0.6472706809229037
359970,TPEBO,9,0.5080971659919028,0.5119864940911649
359970,TPEBO,10,0.4797570850202429,0.4964546989307822
359970,TPEBO,11,0.6589068825910931,0.6499718626899268
359970,TPEBO,12,0.5455465587044535,0.541586944288126
359970,TPEBO,13,0.5819838056680162,0.5812042768711312
359970,TPEBO,14,0.6578947368421053,0.6481710748452448
359970,TPEBO,15,0.6578947368421053,0.6472706809229039
359970,TPEBO,16,0.5546558704453441,0.5493528418683173
359970,TPEBO,17,0.5890688259109311,0.5882948790095666
359970,TPEBO,18,0.5445344129554656,0.5473269555430501
359970,TPEC,0,0.5182186234817814,0.5254924029262803
359970,TPEC,1,0.4645748987854251,0.4868880135059088
359970,TPEC,2,0.46558704453441296,0.4646032639279685
359970,TPEC,3,0.4706477732793522,0.4767585818795723
359970,TPEC,4,0.46558704453441296,0.4634777715250422
359970,TPEC,5,0.46963562753036436,0.465053460889139
359970,TPEC,6,0.48785425101214575,0.48801350590883513
359970,TPEC,7,0.4716599190283401,0.4660664040517727
359970,TPEC,8,0.4706477732793522,0.4639279684862127
359970,TPEC,9,0.4645748987854251,0.4899268429938098
359970,TPEC,10,0.4686234817813765,0.46415306696679803
359970,TPEC,11,0.4676113360323887,0.4661789532920652
359970,TPEC,12,0.4665991902834008,0.46426561620709067
359970,TPEC,13,0.46558704453441296,0.4586381541924592
359970,TPEC,14,0.46356275303643724,0.4592009003939223
359970,TPEC,15,0.4676113360323887,0.4633652222847496
359970,TPEC,16,0.4676113360323887,0.4826111423747889
359970,TPEC,17,0.4574898785425101,0.4619020821609454
359970,TPEC,18,0.4716599190283401,0.46471581316826105
359970,TPEC,19,0.4625506072874494,0.46640405177265054
359974,EA,0,0.5714285714285714,0.5424288519796872
359974,EA,1,0.5551020408163265,0.5281276945132952
359974,EA,2,0.5387755102040817,0.5213257455838938
359974,EA,3,0.5428571428571428,0.5165612669585429
359974,EA,4,0.5469387755102041,0.5156521783893278
359974,EA,5,0.5244897959183673,0.5165625538902658
359974,EA,6,0.563265306122449,0.5435572337145225
359974,EA,7,0.5469387755102041,0.5235915175756265
359974,EA,8,0.5326530612244897,0.5231410914725331
359974,EA,9,0.5469387755102041,0.5338025486395845
359974,EA,10,0.5346938775510204,0.5204086780379954
359974,EA,11,0.5306122448979592,0.5158794505316315
359974,EA,12,0.5408163265306123,0.5154297965875718
359974,EA,13,0.5265306122448979,0.5133791995799456
359974,EA,14,0.5346938775510204,0.5088443095739998
359974,EA,15,0.5428571428571428,0.5147461784562483
359974,EA,16,0.5265306122448979,0.5185959060128024
359974,EA,17,0.5469387755102041,0.5269993127784598
359974,EA,18,0.5346938775510204,0.5170140095387379
359974,EA,19,0.5510204081632653,0.5319879749099792
359974,Random,0,0.6204081632653061,0.5993699182283583
359974,Random,1,0.5897959183673469,0.5680658188360475
359974,Random,2,0.5836734693877551,0.5558113975821127
359974,Random,3,0.5857142857142857,0.5678341711258852
359974,Random,4,0.6020408163265306,0.5837115625667596
359974,Random,5,0.5836734693877551,0.5698682954074555
359974,Random,6,0.6081632653061224,0.6048113229400728
359974,Random,7,0.5918367346938775,0.5553488743208217
359974,Random,8,0.5897959183673469,0.5703272152599217
359974,Random,9,0.5918367346938775,0.5723639134049382
359974,Random,10,0.563265306122449,0.5442403370731569
359974,Random,11,0.6020408163265306,0.5893822985115348
359974,Random,12,0.6183673469387755,0.5807629446027371
359974,Random,13,0.5959183673469388,0.5630632578419185
359974,Random,14,0.5959183673469388,0.5628421629718857
359974,TPEBO,0,0.6959183673469388,0.672194553190175
359974,TPEBO,1,0.5775510204081633,0.5480903220160558
359974,TPEBO,2,0.689795918367347,0.6615274335235419
359974,TPEBO,3,0.5857142857142857,0.570552685697813
359974,TPEBO,4,0.689795918367347,0.6662857348766218
359974,TPEBO,5,0.6836734693877551,0.6601591677155161
359974,TPEBO,6,0.6857142857142857,0.6640163594760643
359974,TPEBO,7,0.6693877551020408,0.6338414139776228
359974,TPEBO,8,0.6938775510204082,0.6730941184646391
359974,TPEBO,9,0.6938775510204082,0.6724135889694508
359974,TPEBO,10,0.6714285714285714,0.6522208580745957
359974,TPEBO,11,0.6755102040816326,0.6426947320736847
359974,TPEBO,12,0.6326530612244898,0.6277253996566465
359974,TPEBO,13,0.7,0.6692376988631246
359974,TPEBO,14,0.6020408163265306,0.5809917610631086
359974,TPEBO,15,0.5551020408163265,0.526090738981934
359974,TPEBO,16,0.6816326530612244,0.6667441399563987
359974,TPEBO,17,0.6469387755102041,0.6068511097212248
359974,TPEBO,18,0.6795918367346939,0.6699161692675557
359974,TPEBO,19,0.6877551020408164,0.666968323462567
359974,TPEC,0,0.563265306122449,0.5471935879913827
359974,TPEC,1,0.5551020408163265,0.5222338046077304
359974,TPEC,2,0.5530612244897959,0.5142931784897085
359974,TPEC,3,0.5489795918367347,0.5251790765492728
359974,TPEC,4,0.5469387755102041,0.5099801555128294
359974,TPEC,5,0.5224489795918368,0.5217808046411905
359974,TPEC,6,0.563265306122449,0.5319872027509452
359974,TPEC,7,0.5428571428571428,0.5231385176090868
359974,TPEC,8,0.5489795918367347,0.5211007899186917
359974,TPEC,9,0.5448979591836735,0.5326700487232351
359974,TPEC,10,0.5346938775510204,0.5174587731422496
359974,TPEC,11,0.5387755102040817,0.5151981488774094
359974,TPEC,12,0.5510204081632653,0.526318525896927
359974,TPEC,13,0.5346938775510204,0.5120186553622584
359974,TPEC,14,0.5204081632653061,0.5056712507174644
359974,TPEC,15,0.5306122448979592,0.5149726784395181
359974,TPEC,16,0.5285714285714286,0.5142877733764714
359974,TPEC,17,0.5326530612244897,0.5172428259991094
359974,TPEC,18,0.5326530612244897,0.5167872521691235
359974,TPEC,19,0.5489795918367347,0.5244972601223614
359977,EA,0,0.7048549437537004,0.7012713865830805
359977,EA,1,0.6817643576080521,0.6808111726874954
359977,EA,2,0.6583777383066903,0.6582950945429522
359977,EA,3,0.6583777383066903,0.6582950945429522
359977,EA,4,0.6583777383066903,0.6582950945429522
359977,EA,5,0.6583777383066903,0.6582950945429522
359977,EA,6,0.6761397276494967,0.6767981162278899
359977,EA,7,0.6696269982238011,0.6702850205467002
359977,EA,8,0.6583777383066903,0.6582950945429522
359977,EA,9,0.6583777383066903,0.6582950945429522
359977,EA,10,0.6583777383066903,0.6582950945429522
359977,EA,11,0.6583777383066903,0.6582950945429522
359977,EA,12,0.6583777383066903,0.6582950945429522
359977,EA,13,0.6583777383066903,0.6582950945429522
359977,EA,14,0.6583777383066903,0.6582950945429522
359977,EA,15,0.6583777383066903,0.6582950945429522
359977,EA,16,0.6678507992895204,0.6689363376886422
359977,EA,17,0.6583777383066903,0.6582950945429522
359977,EA,18,0.6765837773830669,0.6776862281387005
359977,EA,19,0.6678507992895204,0.6687059866203003
359977,Random,0,0.7391947898164595,0.7335898866739663
359977,Random,1,0.7371225577264654,0.7376194594778823
359977,Random,2,0.7249851983422143,0.7249881320896394
359977,Random,3,0.7183244523386619,0.7213367419144028
359977,Random,4,0.7015985790408525,0.702669338513107
359977,Random,5,0.7251332149200711,0.7264519018951869
359977,Random,6,0.7101835405565423,0.7101528235212651
359977,Random,7,0.7377146240378922,0.7375044469161557
359977,Random,8,0.7161042036708112,0.7176197164468816
359977,Random,9,0.73149792776791,0.7268630509415345
359977,Random,10,0.7217288336293665,0.7185079189730762
359977,Random,11,0.7202486678507993,0.7199059425839287
359977,Random,12,0.7181764357608053,0.7171099034770341
359977,Random,13,0.7113676731793961,0.7083600536010283
359977,Random,14,0.7091474245115453,0.7080475508960915
359977,TPEBO,0,0.7748667850799289,0.7705959313963101
359977,TPEBO,1,0.7542924807578448,0.7531126452010092
359977,TPEBO,2,0.7862640615748964,0.7858259362327371
359977,TPEBO,3,0.7862640615748964,0.7844444019168264
359977,TPEBO,4,0.7830076968620485,0.783556245374558
359977,TPEBO,5,0.7862640615748964,0.7849542378786369
359977,TPEBO,6,0.7865600947306098,0.7829476819232317
359977,TPEBO,7,0.7861160449970397,0.7834575111227002
359977,TPEBO,8,0.7867081113084665,0.7851021532920164
359977,TPEBO,9,0.7793072824156305,0.7805628297318001
359977,TPEBO,10,0.78700414446418,0.7855298078629268
359977,TPEBO,11,0.78700414446418,0.7854970253809632
359977,TPEBO,12,0.7853759621077561,0.7809739868929582
359977,TPEBO,13,0.7859680284191829,0.7818620663445267
359977,TPEBO,14,0.78700414446418,0.784937767518253
359977,TPEBO,15,0.7738306690349319,0.7727339256423684
359977,TPEBO,16,0.7849319123741859,0.7835232708420793
359977,TPEBO,17,0.7683540556542333,0.7680958380759892
359977,TPEBO,18,0.7868561278863233,0.7846746258531371
359977,TPEC,0,0.6817643576080521,0.6808111726874954
359977,TPEC,1,0.6583777383066903,0.6582950945429522
359977,TPEC,2,0.6583777383066903,0.6582950945429522
359977,TPEC,3,0.6583777383066903,0.6582950945429522
359977,TPEC,4,0.6583777383066903,0.6582950945429522
359977,TPEC,5,0.6714031971580817,0.6719461966424161
359977,TPEC,6,0.6583777383066903,0.6582950945429522
359977,TPEC,7,0.6583777383066903,0.6582950945429522
359977,TPEC,8,0.6807282415630551,0.6783276322281322
359977,TPEC,9,0.6583777383066903,0.6582950945429522
359977,TPEC,10,0.6583777383066903,0.6582950945429522
359977,TPEC,11,0.6785079928952042,0.6762553341354371
359977,TPEC,12,0.6583777383066903,0.6582950945429522
359977,TPEC,13,0.6583777383066903,0.6582950945429522
359977,TPEC,14,0.6808762581409118,0.6813209964770902
359977,TPEC,15,0.6632622853759621,0.6618640909897471
359977,TPEC,16,0.6583777383066903,0.6582950945429522
359977,TPEC,17,0.6767317939609236,0.672127112285174
359977,TPEC,18,0.6678507992895204,0.6683112470732582
359981,EA,0,0.7634984381972334,0.7730374069080229
359981,EA,1,0.7280232039268184,0.7225623602625484
359981,EA,2,0.7048192771084337,0.7105385216117936
359981,EA,3,0.7045961624274877,0.7034484832315673
359981,EA,4,0.7045961624274877,0.7086545201291685
359981,EA,5,0.7043730477465417,0.7025807320556969
359981,EA,6,0.7344935296742525,0.729429626899506
359981,EA,7,0.7211066488174922,0.719562493443145
359981,EA,8,0.7271307452030343,0.728065785683473
359981,EA,9,0.7168674698795181,0.7159677881185822
359981,EA,10,0.7048192771084337,0.7033247119331966
359981,EA,11,0.716421240517626,0.7175048286416826
359981,EA,12,0.7037037037037037,0.7050847024292521
359981,EA,13,0.7028112449799196,0.6990603976771388
359981,EA,14,0.7041499330655957,0.7027790648214609
359981,EA,15,0.7228915662650602,0.72171949978425
359981,EA,16,0.6921017402945113,0.6951185500904392
359981,EA,17,0.7215528781793842,0.7220168698700196
359981,EA,18,0.7157518964747881,0.7155962744833044
359981,EA,19,0.7242302543507363,0.7210501858536148
359981,Random,0,0.7385095939312807,0.7429900604991451
359981,Random,1,0.7619366354306113,0.7698886353315524
359981,Random,2,0.7670682730923695,0.7690211146251039
359981,Random,3,0.7882641677822401,0.7919032527470881
359981,Random,4,0.7396251673360107,0.742618319467371
359981,Random,5,0.7898259705488622,0.7969355740861166
359981,Random,6,0.7666220437304775,0.7708803206708515
359981,Random,7,0.7541276215975011,0.7617819717476447
359981,Random,8,0.7710843373493976,0.7738056690438204
359981,Random,9,0.7570281124497992,0.7652279751282317
359981,Random,10,0.7902721999107541,0.7915310077555111
359981,Random,11,0.7603748326639893,0.766963431386088
359981,Random,12,0.786479250334672,0.7864738571774231
359981,Random,13,0.7871485943775101,0.7899447082346234
359981,Random,14,0.7657295850066934,0.7729875302521846
359981,TPEBO,0,0.823516287371709,0.824478867152447
359981,TPEBO,1,0.8253012048192772,0.8256934102769327
359981,TPEBO,2,0.8070058009817046,0.8136199715336462
359981,TPEBO,3,0.823516287371709,0.8237102669948305
359981,TPEBO,4,0.8248549754573851,0.8274535236900133
359981,TPEBO,5,0.823516287371709,0.8272802721432102
359981,TPEBO,6,0.819053993752789,0.8230902612287929
359981,TPEBO,7,0.7922802320392682,0.7953737903658742
359981,TPEBO,8,0.8063364569388666,0.8128019986799941
359981,TPEBO,9,0.8056671128960285,0.8141903894988545
359981,TPEBO,10,0.7628290941543954,0.7637653239886895
359981,TPEBO,11,0.7336010709504686,0.7350323293286352
359981,TPEBO,12,0.8101294065149487,0.81468637198662
359981,TPEBO,13,0.8165997322623829,0.8250986578136909
359981,TPEBO,14,0.8163766175814369,0.8248010111646149
359981,TPEBO,15,0.8074520303435966,0.8217516210758202
359981,TPEBO,16,0.8085676037483266,0.8208096433814498
359981,TPEBO,17,0.8145917001338688,0.819223079588958
359981,TPEBO,18,0.819723337795627,0.8260655815182945
359981,TPEBO,19,0.8221775992860331,0.8258176056390398
359981,TPEC,0,0.7599286033020973,0.7705333689301039
359981,TPEC,1,0.7269076305220884,0.7225871311160208
359981,TPEC,2,0.7021419009370816,0.707266123164457
359981,TPEC,3,0.7077197679607318,0.7038700271689646
359981,TPEC,4,0.7041499330655957,0.7030020854717055
359981,TPEC,5,0.7215528781793842,0.7195874978389649
359981,TPEC,6,0.7286925479696564,0.7228599116509299
359981,TPEC,7,0.7061579651941098,0.7091505548566699
359981,TPEC,8,0.7199910754127622,0.7207276577257437
359981,TPEC,9,0.7081659973226239,0.710191413151839
359981,TPEC,10,0.7034805890227577,0.7000521506208017
359981,TPEC,11,0.713743864346274,0.7161413346662455
359981,TPEC,12,0.7030343596608657,0.6996552454010748
359981,TPEC,13,0.7028112449799196,0.6990603976771388
359981,TPEC,14,0.7028112449799196,0.6990603730937336
359981,TPEC,15,0.7217759928603302,0.7219178417687908
359981,TPEC,16,0.7132976349843819,0.7126706095989961
359981,TPEC,17,0.7204373047746542,0.7211244123721149
359981,TPEC,18,0.7030343596608657,0.7053823552241795
359981,TPEC,19,0.71396697902722,0.7132161245749298
